Day,value
1,17988.833345238098
2,17419.07493001443
3,18136.38570959596
4,18481.191555555542
5,19101.261524170273
6,19399.19498917749
7,19260.23390728716
