day,demand
1,19033.599643502628
2,18105.456607260207
3,18110.98980964116
4,19680.194007180602
5,19688.72380028405
6,19688.72380028405
7,19325.788690238813
