day,demand
1,17577.460201659454
2,19089.9339445647
3,18958.54366149591
4,17975.07183994709
5,18063.13571957672
6,19052.42795117845
7,19727.850032948532
