day,value
1,19242.85187
2,16608.89576
3,18059.36589
4,18097.67059
5,19082.73911
6,17124.095
7,16629.61231
