day,demand
1,23399.84632
2,23566.44891
3,23566.44891
4,23421.0829
5,23191.33584
6,23178.03681
7,23399.84632
