day,demand
1,17881.38408
2,17049.96607
3,18185.35053
4,19462.29732
5,18619.07045
6,19544.38929
7,19306.89961

